[
    { "code": "AF", "name": "Afganistán" },
    { "code": "AL", "name": "Albania" },
    { "code": "DE", "name": "Alemania" },
    { "code": "AD", "name": "Andorra" },
    { "code": "AO", "name": "Angola" },
    { "code": "AG", "name": "Antigua y Barbuda" },
    { "code": "SA", "name": "Arabia Saudita" },
    { "code": "DZ", "name": "Argelia" },
    { "code": "AR", "name": "Argentina" },
    { "code": "AM", "name": "Armenia" },
    { "code": "AU", "name": "Australia" },
    { "code": "AT", "name": "Austria" },
    { "code": "AZ", "name": "Azerbaiyán" },
    { "code": "BS", "name": "Bahamas" },
    { "code": "BD", "name": "Bangladés" },
    { "code": "BB", "name": "Barbados" },
    { "code": "BH", "name": "Baréin" },
    { "code": "BE", "name": "Bélgica" },
    { "code": "BZ", "name": "Belice" },
    { "code": "BJ", "name": "Benín" },
    { "code": "BY", "name": "Bielorrusia" },
    { "code": "BO", "name": "Bolivia" },
    { "code": "BA", "name": "Bosnia y Herzegovina" },
    { "code": "BW", "name": "Botsuana" },
    { "code": "BR", "name": "Brasil" },
    { "code": "BN", "name": "Brunéi" },
    { "code": "BG", "name": "Bulgaria" },
    { "code": "BF", "name": "Burkina Faso" },
    { "code": "BI", "name": "Burundi" },
    { "code": "BT", "name": "Bután" },
    { "code": "CV", "name": "Cabo Verde" },
    { "code": "KH", "name": "Camboya" },
    { "code": "CM", "name": "Camerún" },
    { "code": "CA", "name": "Canadá" },
    { "code": "QA", "name": "Catar" },
    { "code": "TD", "name": "Chad" },
    { "code": "CL", "name": "Chile" },
    { "code": "CN", "name": "China" },
    { "code": "CY", "name": "Chipre" },
    { "code": "CO", "name": "Colombia" },
    { "code": "KM", "name": "Comoras" },
    { "code": "KP", "name": "Corea del Norte" },
    { "code": "KR", "name": "Corea del Sur" },
    { "code": "CI", "name": "Costa de Marfil" },
    { "code": "CR", "name": "Costa Rica" },
    { "code": "HR", "name": "Croacia" },
    { "code": "CU", "name": "Cuba" },
    { "code": "DK", "name": "Dinamarca" },
    { "code": "DM", "name": "Dominica" },
    { "code": "EC", "name": "Ecuador" },
    { "code": "EG", "name": "Egipto" },
    { "code": "SV", "name": "El Salvador" },
    { "code": "AE", "name": "Emiratos Árabes Unidos" },
    { "code": "ER", "name": "Eritrea" },
    { "code": "SK", "name": "Eslovaquia" },
    { "code": "SI", "name": "Eslovenia" },
    { "code": "ES", "name": "España" },
    { "code": "US", "name": "Estados Unidos" },
    { "code": "EE", "name": "Estonia" },
    { "code": "ET", "name": "Etiopía" },
    { "code": "PH", "name": "Filipinas" },
    { "code": "FI", "name": "Finlandia" },
    { "code": "FJ", "name": "Fiyi" },
    { "code": "FR", "name": "Francia" },
    { "code": "GA", "name": "Gabón" },
    { "code": "GM", "name": "Gambia" },
    { "code": "GE", "name": "Georgia" },
    { "code": "GH", "name": "Ghana" },
    { "code": "GD", "name": "Granada" },
    { "code": "GR", "name": "Grecia" },
    { "code": "GT", "name": "Guatemala" },
    { "code": "GN", "name": "Guinea" },
    { "code": "GW", "name": "Guinea-Bisáu" },
    { "code": "GQ", "name": "Guinea Ecuatorial" },
    { "code": "GY", "name": "Guyana" },
    { "code": "HT", "name": "Haití" },
    { "code": "HN", "name": "Honduras" },
    { "code": "HK", "name": "Hong Kong" },
    { "code": "HU", "name": "Hungría" },
    { "code": "IN", "name": "India" },
    { "code": "ID", "name": "Indonesia" },
    { "code": "IQ", "name": "Irak" },
    { "code": "IR", "name": "Irán" },
    { "code": "IE", "name": "Irlanda" },
    { "code": "IS", "name": "Islandia" },
    { "code": "MH", "name": "Islas Marshall" },
    { "code": "SB", "name": "Islas Salomón" },
    { "code": "IL", "name": "Israel" },
    { "code": "IT", "name": "Italia" },
    { "code": "JM", "name": "Jamaica" },
    { "code": "JP", "name": "Japón" },
    { "code": "JO", "name": "Jordania" },
    { "code": "KZ", "name": "Kazajistán" },
    { "code": "KE", "name": "Kenia" },
    { "code": "KG", "name": "Kirguistán" },
    { "code": "KI", "name": "Kiribati" },
    { "code": "KW", "name": "Kuwait" },
    { "code": "LA", "name": "Laos" },
    { "code": "LS", "name": "Lesoto" },
    { "code": "LV", "name": "Letonia" },
    { "code": "LB", "name": "Líbano" },
    { "code": "LR", "name": "Liberia" },
    { "code": "LY", "name": "Libia" },
    { "code": "LI", "name": "Liechtenstein" },
    { "code": "LT", "name": "Lituania" },
    { "code": "LU", "name": "Luxemburgo" },
    { "code": "MK", "name": "Macedonia del Norte" },
    { "code": "MG", "name": "Madagascar" },
    { "code": "MY", "name": "Malasia" },
    { "code": "MW", "name": "Malaui" },
    { "code": "MV", "name": "Maldivas" },
    { "code": "ML", "name": "Malí" },
    { "code": "MT", "name": "Malta" },
    { "code": "MA", "name": "Marruecos" },
    { "code": "MU", "name": "Mauricio" },
    { "code": "MR", "name": "Mauritania" },
    { "code": "MX", "name": "México" },
    { "code": "FM", "name": "Micronesia" },
    { "code": "MD", "name": "Moldavia" },
    { "code": "MC", "name": "Mónaco" },
    { "code": "MN", "name": "Mongolia" },
    { "code": "ME", "name": "Montenegro" },
    { "code": "MZ", "name": "Mozambique" },
    { "code": "MM", "name": "Birmania" },
    { "code": "NA", "name": "Namibia" },
    { "code": "NR", "name": "Nauru" },
    { "code": "NP", "name": "Nepal" },
    { "code": "NI", "name": "Nicaragua" },
    { "code": "NE", "name": "Níger" },
    { "code": "NG", "name": "Nigeria" },
    { "code": "NO", "name": "Noruega" },
    { "code": "NZ", "name": "Nueva Zelanda" },
    { "code": "OM", "name": "Omán" },
    { "code": "NL", "name": "Países Bajos" },
    { "code": "PK", "name": "Pakistán" },
    { "code": "PW", "name": "Palaos" },
    { "code": "PA", "name": "Panamá" },
    { "code": "PG", "name": "Papúa Nueva Guinea" },
    { "code": "PY", "name": "Paraguay" },
    { "code": "PE", "name": "Perú" },
    { "code": "PL", "name": "Polonia" },
    { "code": "PT", "name": "Portugal" },
    { "code": "GB", "name": "Reino Unido" },
    { "code": "CF", "name": "República Centroafricana" },
    { "code": "CZ", "name": "República Checa" },
    { "code": "CG", "name": "República del Congo" },
    { "code": "CD", "name": "República Democrática del Congo" },
    { "code": "DO", "name": "República Dominicana" },
    { "code": "RW", "name": "Ruanda" },
    { "code": "RO", "name": "Rumania" },
    { "code": "RU", "name": "Rusia" },
    { "code": "WS", "name": "Samoa" },
    { "code": "KN", "name": "San Cristóbal y Nieves" },
    { "code": "SM", "name": "San Marino" },
    { "code": "VC", "name": "San Vicente y las Granadinas" },
    { "code": "LC", "name": "Santa Lucía" },
    { "code": "ST", "name": "Santo Tomé y Príncipe" },
    { "code": "SN", "name": "Senegal" },
    { "code": "RS", "name": "Serbia" },
    { "code": "SC", "name": "Seychelles" },
    { "code": "SL", "name": "Sierra Leona" },
    { "code": "SG", "name": "Singapur" },
    { "code": "SY", "name": "Siria" },
    { "code": "SO", "name": "Somalia" },
    { "code": "LK", "name": "Sri Lanka" },
    { "code": "SZ", "name": "Suazilandia" },
    { "code": "ZA", "name": "Sudáfrica" },
    { "code": "SD", "name": "Sudán" },
    { "code": "SS", "name": "Sudán del Sur" },
    { "code": "SE", "name": "Suecia" },
    { "code": "CH", "name": "Suiza" },
    { "code": "SR", "name": "Surinam" },
    { "code": "TH", "name": "Tailandia" },
    { "code": "TW", "name": "Taiwán" },
    { "code": "TZ", "name": "Tanzania" },
    { "code": "TJ", "name": "Tayikistán" },
    { "code": "TL", "name": "Timor Oriental" },
    { "code": "TG", "name": "Togo" },
    { "code": "TO", "name": "Tonga" },
    { "code": "TT", "name": "Trinidad y Tobago" },
    { "code": "TN", "name": "Túnez" },
    { "code": "TM", "name": "Turkmenistán" },
    { "code": "TR", "name": "Turquía" },
    { "code": "TV", "name": "Tuvalu" },
    { "code": "UA", "name": "Ucrania" },
    { "code": "UG", "name": "Uganda" },
    { "code": "UY", "name": "Uruguay" },
    { "code": "UZ", "name": "Uzbekistán" },
    { "code": "VU", "name": "Vanuatu" },
    { "code": "VE", "name": "Venezuela" },
    { "code": "VN", "name": "Vietnam" },
    { "code": "YE", "name": "Yemen" },
    { "code": "DJ", "name": "Yibuti" },
    { "code": "ZM", "name": "Zambia" },
    { "code": "ZW", "name": "Zimbabue" }
]
